{"cameraMode":{"drawMode":0,"name":"Shaded","section":"Shading Mode"},"sceneLighting":false,"audioPlay":false,"sceneViewState":{"m_AlwaysRefresh":false,"showFog":true,"showSkybox":false,"showFlares":true,"showImageEffects":true,"showParticleSystems":true,"showVisualEffectGraphs":true,"m_FxEnabled":true},"in2DMode":false,"pivot":{"x":2.4319560527801515,"y":0.33899998664855959,"z":-6.309000015258789},"rotation":{"x":-0.20332565903663636,"y":-0.22191952168941499,"z":0.04735517501831055,"w":-0.9524778127670288},"size":0.4743416905403137,"orthographic":false}